{"mem": 0.2742342948913574, "ellipse_time": 451.5392541885376, "num_GS": 200000}