{"mem": 0.2735114097595215, "ellipse_time": 415.0066056251526, "num_GS": 200000}