{
  "format": "synthetic_colmap_text",
  "images": [
    {
      "image_id": 1,
      "file_path": "images/0001.png",
      "width": 64,
      "height": 64,
      "fx": 77.25483399593904,
      "fy": 77.25483399593904,
      "cx": 31.5,
      "cy": 31.5,
      "qvec": [
        1.0,
        -0.0,
        0.0,
        0.0
      ],
      "tvec": [
        0.0,
        0.0,
        -2.4000000953674316
      ],
      "transform_matrix": [
        [
          1.0,
          0.0,
          0.0,
          0.0
        ],
        [
          0.0,
          1.0,
          0.0,
          0.0
        ],
        [
          0.0,
          0.0,
          1.0,
          2.4000000953674316
        ],
        [
          0.0,
          0.0,
          0.0,
          1.0
        ]
      ]
    },
    {
      "image_id": 2,
      "file_path": "images/0002.png",
      "width": 64,
      "height": 64,
      "fx": 77.25483399593904,
      "fy": 77.25483399593904,
      "cx": 31.5,
      "cy": 31.5,
      "qvec": [
        0.7071067811865476,
        -0.0,
        -0.7071067811865475,
        0.0
      ],
      "tvec": [
        0.0,
        0.0,
        -2.4000000953674316
      ],
      "transform_matrix": [
        [
          6.123234262925839e-17,
          0.0,
          1.0,
          2.4000000953674316
        ],
        [
          0.0,
          1.0,
          0.0,
          0.0
        ],
        [
          -1.0,
          -0.0,
          6.123234262925839e-17,
          1.4695762231022014e-16
        ],
        [
          0.0,
          0.0,
          0.0,
          1.0
        ]
      ]
    },
    {
      "image_id": 3,
      "file_path": "images/0003.png",
      "width": 64,
      "height": 64,
      "fx": 77.25483399593904,
      "fy": 77.25483399593904,
      "cx": 31.5,
      "cy": 31.5,
      "qvec": [
        -6.123234262925839e-17,
        0.0,
        1.0,
        0.0
      ],
      "tvec": [
        0.0,
        0.0,
        -2.4000000953674316
      ],
      "transform_matrix": [
        [
          -1.0,
          -0.0,
          1.2246468525851679e-16,
          2.939152446204403e-16
        ],
        [
          0.0,
          1.0,
          0.0,
          0.0
        ],
        [
          -1.2246468525851679e-16,
          -0.0,
          -1.0,
          -2.4000000953674316
        ],
        [
          0.0,
          0.0,
          0.0,
          1.0
        ]
      ]
    },
    {
      "image_id": 4,
      "file_path": "images/0004.png",
      "width": 64,
      "height": 64,
      "fx": 77.25483399593904,
      "fy": 77.25483399593904,
      "cx": 31.5,
      "cy": 31.5,
      "qvec": [
        0.7071067811865476,
        0.0,
        0.7071067811865475,
        0.0
      ],
      "tvec": [
        0.0,
        0.0,
        -2.4000000953674316
      ],
      "transform_matrix": [
        [
          -1.8369701465288538e-16,
          -0.0,
          -1.0,
          -2.4000000953674316
        ],
        [
          0.0,
          1.0,
          0.0,
          0.0
        ],
        [
          1.0,
          0.0,
          -1.8369701465288538e-16,
          -4.4087284046088083e-16
        ],
        [
          0.0,
          0.0,
          0.0,
          1.0
        ]
      ]
    }
  ],
  "initial_point_cloud": "initial_points.ply",
  "sparse_colmap": "sparse/0",
  "point_count": 50
}